{
    "<highlighttext>python</highlighttext> \u043e\u0442 3.7. fastapi/flask. postgresql": 3.7037037037037033,
    "sqlalchemy. docker": 3.7037037037037033,
    "git. selenium: html/css/react \u043f\u0440\u0435\u0438\u043c\u0443\u0449\u0435\u0441\u0442\u0432\u043e. \u0431\u0438\u0431\u043b\u0438\u043e\u0442\u0435\u043a\u0438 \u0434\u043b\u044f \u0440\u0430\u0437\u0440\u0430\u0431\u043e\u0442\u043a\u0438 \u0442\u0435\u043b\u0435\u0433\u0440\u0430\u043c-\u0431\u043e\u0442\u043e\u0432. ": 3.7037037037037033,
    "\u043f\u043e\u043d\u0438\u043c\u0430\u043d\u0438\u0435 \u0442\u043e\u0433\u043e": 3.7037037037037033,
    "\u0447\u0442\u043e \u0442\u0430\u043a\u043e\u0435 ffmpeg. \u0443\u043c\u0435\u043d\u0438\u0435 \u043f\u0438\u0441\u0430\u0442\u044c bash-\u043a\u043e\u043c\u0430\u043d\u0434\u044b. \u043f\u0440\u0435\u0434\u0441\u0442\u0430\u0432\u043b\u0435\u043d\u0438\u0435 \u0442\u043e\u0433\u043e": 3.7037037037037033,
    "\u0447\u0442\u043e \u0442\u0430\u043a\u043e\u0435 s3 \u0438 \u043a\u0430\u043a \u0442\u0443\u0434\u0430 \u0437\u0430\u0433\u0440\u0443\u0436\u0430\u0442\u044c \u0444\u0430\u0439\u043b.": 3.7037037037037033,
    "\u043e\u043f\u044b\u0442 \u043a\u043e\u043c\u043c\u0435\u0440\u0447\u0435\u0441\u043a\u043e\u0439 \u0440\u0430\u0437\u0440\u0430\u0431\u043e\u0442\u043a\u0438 \u043d\u0430 <highlighttext>python</highlighttext> \u043e\u0442 \u043f\u043e\u043b\u0443\u0433\u043e\u0434\u0430. \u0443\u0432\u0435\u0440\u0435\u043d\u043d\u043e\u0435 \u0437\u043d\u0430\u043d\u0438\u0435 request": 3.7037037037037033,
    "beautifulsoup": 3.7037037037037033,
    "selenium. \u0443\u043c\u0435\u043d\u0438\u0435 \u0440\u0430\u0431\u043e\u0442\u0430\u0442\u044c \u0441 \u043f\u0440\u043e\u043a\u0441\u0438. \u0437\u043d\u0430\u043d\u0438\u0435 rest api.": 3.7037037037037033,
    "\u0432\u044b\u0441\u043e\u043a\u0438\u0439 \u0443\u0440\u043e\u0432\u0435\u043d\u044c \u0441\u0430\u043c\u043e\u043e\u0440\u0433\u0430\u043d\u0438\u0437\u043e\u0432\u0430\u043d\u043d\u043e\u0441\u0442\u0438 \u0438 \u0434\u0438\u0441\u0446\u0438\u043f\u043b\u0438\u043d\u044b. \u043d\u0430\u043b\u0438\u0447\u0438\u0435 \u043f\u043a": 3.7037037037037033,
    "\u043d\u043e\u0443\u0442\u0431\u0443\u043a\u0430": 3.7037037037037033,
    "\u0438 \u0432\u044b\u0441\u043e\u043a\u043e\u0441\u043a\u043e\u0440\u043e\u0441\u0442\u043d\u043e\u0433\u043e \u0438\u043d\u0442\u0435\u0440\u043d\u0435\u0442\u0430. \u043e\u0431\u044f\u0437\u0430\u0442\u0435\u043b\u0435\u043d \u043e\u043f\u044b\u0442 \u0440\u0430\u0431\u043e\u0442\u044b \u043d\u0430\u0434 \u043a\u043e\u043c\u043c\u0435\u0440\u0447\u0435\u0441\u043a\u0438\u043c \u0438\u043b\u0438 \u043e\u043f\u0435\u043d-\u0441\u043e\u0440\u0441 \u043f\u0440\u043e\u0435\u043a\u0442\u043e\u043c...": 3.7037037037037033,
    "\u0443 \u0442\u0435\u0431\u044f \u0435\u0441\u0442\u044c \u043e\u043f\u044b\u0442 \u0440\u0430\u0437\u0440\u0430\u0431\u043e\u0442\u043a\u0438 \u0441\u043e\u0431\u0441\u0442\u0432\u0435\u043d\u043d\u044b\u0445 pet-\u043f\u0440\u043e\u0435\u043a\u0442\u043e\u0432 \u043d\u0430 <highlighttext>python</highlighttext>. \u043f\u0440\u043e\u0439\u0434\u0435\u043d\u043d\u044b\u0439 \u0442\u0443\u0442\u043e\u0440\u0438\u0430\u043b \u043f\u043e django / flask. \u0440\u0430\u0431\u043e\u0442\u0430\u043b \u0441 \u043a\u043e\u043c\u0430\u043d\u0434\u043d\u043e\u0439 \u0441\u0442\u0440\u043e\u043a\u043e\u0439. ": 3.7037037037037033,
    "\u043f\u043b\u044e\u0441\u043e\u043c \u0431\u0443\u0434\u0435\u0442 \u043e\u043f\u044b\u0442 \u0440\u0430\u0431\u043e\u0442\u044b \u0441 \u043e\u0434\u043d\u0438\u043c \u0438\u043b\u0438 \u043d\u0435\u0441\u043a\u043e\u043b\u044c\u043a\u0438\u043c\u0438 \u044f\u0437\u044b\u043a\u0430\u043c\u0438 \u043f\u0440\u043e\u0433\u0440\u0430\u043c\u043c\u0438\u0440\u043e\u0432\u0430\u043d\u0438\u044f": 3.7037037037037033,
    "\u0442\u0430\u043a\u0438\u043c\u0438 \u043a\u0430\u043a <highlighttext>python</highlighttext>": 3.7037037037037033,
    "javascript \u0438 \u0442.\u0434. (\u0436\u0435\u043b\u0430\u0442\u0435\u043b\u044c\u043d\u043e \u0438\u043c\u0435\u0442\u044c \u0431\u0430\u0437\u043e\u0432\u044b\u0435...": 3.7037037037037033,
    "\u0437\u043d\u0430\u043d\u0438\u0435 \u0438 \u043f\u043e\u043d\u0438\u043c\u0430\u043d\u0438\u0435 \u043f\u0440\u0438\u043d\u0446\u0438\u043f\u043e\u0432 \u043e\u043e\u043f": 3.7037037037037033,
    "\u043f\u0430\u0442\u0442\u0435\u0440\u043d\u043e\u0432. \u0445\u043e\u0440\u043e\u0448\u0435\u0435 \u0437\u043d\u0430\u043d\u0438\u0435 <highlighttext>java</highlighttext> (core": 3.7037037037037033,
    "collections": 3.7037037037037033,
    "concurrency": 3.7037037037037033,
    "servlets). \u0432\u043b\u0430\u0434\u0435\u043d\u0438\u0435 \u0430\u043d\u0433\u043b\u0438\u0439\u0441\u043a\u0438\u043c \u044f\u0437\u044b\u043a\u043e\u043c (\u043d\u0430 \u0443\u0440\u043e\u0432\u043d\u0435 \u0447\u0442\u0435\u043d\u0438\u044f \u0438...": 3.7037037037037033,
    "\u0437\u043d\u0430\u0435\u0448\u044c \u043e\u0441\u043d\u043e\u0432\u044b \u043f\u0440\u043e\u0433\u0440\u0430\u043c\u043c\u0438\u0440\u043e\u0432\u0430\u043d\u0438\u044f \u043d\u0430 <highlighttext>python</highlighttext> (\u0438 \u0438\u0437\u0443\u0447\u0430\u043b \u0434\u0440\u0443\u0433\u0438\u0435 \u044f\u0437\u044b\u043a\u0438 \u043f\u0440\u043e\u0433\u0440\u0430\u043c\u043c\u0438\u0440\u043e\u0432\u0430\u043d\u0438\u044f). \u043e\u0442\u0432\u0435\u0442\u0441\u0442\u0432\u0435\u043d\u043d\u043e \u043e\u0442\u043d\u043e\u0441\u0438\u0448\u044c\u0441\u044f \u043a \u0440\u0430\u0431\u043e\u0442\u0435. \u0443\u043c\u0435\u0435\u0448\u044c \u0440\u0430\u0431\u043e\u0442\u0430\u0442\u044c \u0441 \u043b\u044e\u0434\u044c\u043c\u0438. ": 3.7037037037037033,
    "\u043f\u043e\u043d\u0438\u043c\u0430\u043d\u0438\u0435 \u043d\u043e\u0440\u043c\u0430\u043b\u0438\u0437\u0430\u0446\u0438\u0438": 3.7037037037037033,
    "\u0438\u043d\u0434\u0435\u043a\u0441\u043e\u0432": 3.7037037037037033,
    "\u0442\u0440\u0430\u043d\u0437\u0430\u043a\u0446\u0438\u0439. \u043f\u043e\u043d\u0438\u043c\u0430\u043d\u0438\u0435 \u043a\u043e\u043d\u0446\u0435\u043f\u0446\u0438\u0438 \u0430\u0441\u0438\u043d\u0445\u0440\u043e\u043d\u043d\u043e\u0433\u043e i/o. \u043e\u043f\u044b\u0442 \u043e\u043f\u0442\u0438\u043c\u0438\u0437\u0430\u0446\u0438\u0438 <highlighttext>python</highlighttext>-\u043a\u043e\u0434\u0430 \u0438 <highlighttext>sql</highlighttext>-\u0437\u0430\u043f\u0440\u043e\u0441\u043e\u0432. \u043e\u043f\u044b\u0442 \u0440\u0430\u0431\u043e\u0442\u044b \u0441 \u0440\u0435\u043b\u044f\u0446\u0438\u043e\u043d\u043d\u044b\u043c\u0438...": 3.7037037037037033,
    "\u0437\u043d\u0430\u043d\u0438\u0435 \u043e\u0441\u043d\u043e\u0432 git. \u0437\u043d\u0430\u043d\u0438\u0435 nlp": 3.7037037037037033,
    "\u0441++ \u0431\u0443\u0434\u0435\u0442 \u043f\u043b\u044e\u0441\u043e\u043c. \u0437\u043d\u0430\u043d\u0438\u0435 <highlighttext>sql</highlighttext> \u0431\u0443\u0434\u0435\u0442 \u043f\u043b\u044e\u0441\u043e\u043c. \u0443\u043c\u0435\u043d\u0438\u0435 \u0438 \u0441\u0442\u0440\u0435\u043c\u043b\u0435\u043d\u0438\u0435 \u0440\u0430\u0431\u043e\u0442\u0430\u0442\u044c \u0432 \u043a\u043e\u043c\u0430\u043d\u0434\u0435. ": 3.7037037037037033
}